scheduler,task_id,priority,duration,deps,is_critical,ready_sec,start_sec,end_sec,exec_sec,wait_sec
sequential,c01,1,1.5,,1,0.0,0.0,1.5400168895721436,1.5400168895721436,0.0
sequential,c02,1,1.7,c01,1,1.5400168895721436,1.540107011795044,3.297015905380249,1.756908893585205,9.012222290039062e-05
sequential,c03,1,1.4,c02,1,3.297015905380249,3.2971179485321045,4.741538047790527,1.4444200992584229,0.00010204315185546875
sequential,c04,1,1.8,c03,1,4.741538047790527,4.741654872894287,6.583680868148804,1.8420259952545166,0.00011682510375976562
sequential,c05,1,1.6,c04,1,6.583680868148804,6.583755016326904,8.249780893325806,1.6660258769989014,7.414817810058594e-05
sequential,c06,1,1.7,c05,1,8.249780893325806,8.249908924102783,9.968555927276611,1.7186470031738281,0.00012803077697753906
sequential,c07,1,1.5,c06,1,9.968555927276611,9.96866512298584,11.523979902267456,1.5553147792816162,0.00010919570922851562
sequential,c08,1,1.8,c07,1,11.523979902267456,11.524105787277222,13.37751293182373,1.8534071445465088,0.000125885009765625
sequential,s01,10,1.8,,0,0.0,13.377624988555908,15.208282709121704,1.830657720565796,13.377624988555908
sequential,s02,10,2.0,,0,0.0,15.208417892456055,17.271283864974976,2.062865972518921,15.208417892456055
sequential,s03,9,1.6,,0,0.0,17.27138876914978,18.929812908172607,1.6584241390228271,17.27138876914978
sequential,s04,9,2.2,,0,0.0,18.930201768875122,21.16695284843445,2.236751079559326,18.930201768875122
sequential,s05,10,1.7,,0,0.0,21.167022705078125,22.935340881347656,1.7683181762695312,21.167022705078125
sequential,s06,9,2.1,,0,0.0,22.935477018356323,25.104169845581055,2.1686928272247314,22.935477018356323
sequential,s07,10,1.5,,0,0.0,25.104267835617065,26.661969900131226,1.5577020645141602,25.104267835617065
sequential,s08,9,2.0,,0,0.0,26.66235375404358,28.73519468307495,2.072840929031372,26.66235375404358
sequential,s09,10,1.8,,0,0.0,28.73530888557434,30.566707849502563,1.8313989639282227,28.73530888557434
sequential,s10,9,2.3,,0,0.0,30.566848039627075,32.89919471740723,2.3323466777801514,30.566848039627075
sequential,f01,5,1.2,c08 s09 s10,1,32.89919471740723,32.89933109283447,34.151625871658325,1.2522947788238525,0.00013637542724609375
sequential,f02,5,0.8,f01,1,34.151625871658325,34.1517539024353,34.991291761398315,0.8395378589630127,0.00012803077697753906
parallel,c01,1,1.5,,1,0.0,0.0,1.5567069053649902,1.5567069053649902,0.0
parallel,s01,10,1.8,,0,0.0,0.0016067028045654297,1.8320808410644531,1.8304741382598877,0.0016067028045654297
parallel,s02,10,2.0,,0,0.0,0.0017969608306884766,2.0520050525665283,2.05020809173584,0.0017969608306884766
parallel,c02,1,1.7,c01,1,1.5567069053649902,1.5569367408752441,3.31221079826355,1.7552740573883057,0.00022983551025390625
parallel,s03,9,1.6,,0,0.0,1.832334041595459,3.4970407485961914,1.6647067070007324,1.832334041595459
parallel,s04,9,2.2,,0,0.0,2.052168846130371,4.266672849655151,2.2145040035247803,2.052168846130371
parallel,c03,1,1.4,c02,1,3.31221079826355,3.3124547004699707,4.757190704345703,1.4447360038757324,0.00024390220642089844
parallel,s05,10,1.7,,0,0.0,3.497230052947998,5.216681957244873,1.719451904296875,3.497230052947998
parallel,s06,9,2.1,,0,0.0,4.26683783531189,6.426589727401733,2.1597518920898438,4.26683783531189
parallel,c04,1,1.8,c03,1,4.757190704345703,4.757404804229736,6.599080801010132,1.8416759967803955,0.00021409988403320312
parallel,s07,10,1.5,,0,0.0,5.21687388420105,6.77120566368103,1.5543317794799805,5.21687388420105
parallel,s08,9,2.0,,0,0.0,6.4267737865448,8.475976943969727,2.0492031574249268,6.4267737865448
parallel,c05,1,1.6,c04,1,6.599080801010132,6.59926700592041,8.264525890350342,1.6652588844299316,0.0001862049102783203
parallel,s09,10,1.8,,0,0.0,6.771390914916992,8.600514888763428,1.8291239738464355,6.771390914916992
parallel,c06,1,1.7,c05,1,8.264525890350342,8.264771938323975,9.980309963226318,1.7155380249023438,0.0002460479736328125
parallel,s10,9,2.3,,0,0.0,8.476125955581665,10.800241708755493,2.324115753173828,8.476125955581665
parallel,c07,1,1.5,c06,1,9.980309963226318,9.980439901351929,11.535592794418335,1.5551528930664062,0.00012993812561035156
parallel,c08,1,1.8,c07,1,11.535592794418335,11.535752773284912,13.388883829116821,1.8531310558319092,0.00015997886657714844
parallel,f01,5,1.2,c08 s09 s10,1,13.388883829116821,13.389153003692627,14.638942956924438,1.2497899532318115,0.00026917457580566406
parallel,f02,5,0.8,f01,1,14.638942956924438,14.63914680480957,15.47653603553772,0.8373892307281494,0.00020384788513183594
dag_priority,s01,10,1.8,,0,0.0,0.0,1.8311028480529785,1.8311028480529785,0.0
dag_priority,s02,10,2.0,,0,0.0,9.655952453613281e-05,2.051043748855591,2.0509471893310547,9.655952453613281e-05
dag_priority,s05,10,1.7,,0,0.0,0.00016164779663085938,1.7216949462890625,1.7215332984924316,0.00016164779663085938
dag_priority,s07,10,1.5,,0,0.0,1.7220127582550049,3.278338670730591,1.556325912475586,1.7220127582550049
dag_priority,s09,10,1.8,,0,0.0,1.831258773803711,3.661219835281372,1.8299610614776611,1.831258773803711
dag_priority,s03,9,1.6,,0,0.0,2.051194906234741,3.7148396968841553,1.663644790649414,2.051194906234741
dag_priority,s04,9,2.2,,0,0.0,3.2785427570343018,5.494205951690674,2.215663194656372,3.2785427570343018
dag_priority,s06,9,2.1,,0,0.0,3.661451578140259,5.820915937423706,2.1594643592834473,3.661451578140259
dag_priority,s08,9,2.0,,0,0.0,3.7149717807769775,5.76329779624939,2.048326015472412,3.7149717807769775
dag_priority,s10,9,2.3,,0,0.0,5.494386911392212,7.819945812225342,2.32555890083313,5.494386911392212
dag_priority,c01,1,1.5,,1,0.0,5.763470649719238,7.315331697463989,1.551861047744751,5.763470649719238
dag_priority,c02,1,1.7,c01,1,7.315331697463989,7.315471887588501,9.070974826812744,1.7555029392242432,0.00014019012451171875
dag_priority,c03,1,1.4,c02,1,9.070974826812744,9.071102857589722,10.496550798416138,1.425447940826416,0.00012803077697753906
dag_priority,c04,1,1.8,c03,1,10.496550798416138,10.496727705001831,12.334935665130615,1.8382079601287842,0.00017690658569335938
dag_priority,c05,1,1.6,c04,1,12.334935665130615,12.33517074584961,14.001457929611206,1.6662871837615967,0.00023508071899414062
dag_priority,c06,1,1.7,c05,1,14.001457929611206,14.001731634140015,15.717777729034424,1.7160460948944092,0.00027370452880859375
dag_priority,c07,1,1.5,c06,1,15.717777729034424,15.717976808547974,17.27250099182129,1.5545241832733154,0.0001990795135498047
dag_priority,c08,1,1.8,c07,1,17.27250099182129,17.272780656814575,19.125178813934326,1.852398157119751,0.0002796649932861328
dag_priority,f01,5,1.2,c08 s09 s10,1,19.125178813934326,19.125476837158203,20.376912832260132,1.2514359951019287,0.0002980232238769531
dag_priority,f02,5,0.8,f01,1,20.376912832260132,20.37721085548401,21.217450857162476,0.8402400016784668,0.0002980232238769531
dag_critical,c01,1,1.5,,1,0.0,0.0,1.5559911727905273,1.5559911727905273,0.0
dag_critical,s10,9,2.3,,0,0.0,0.00010800361633300781,2.323803186416626,2.323695182800293,0.00010800361633300781
dag_critical,s09,10,1.8,,0,0.0,0.0001800060272216797,1.8309721946716309,1.8307921886444092,0.0001800060272216797
dag_critical,c02,1,1.7,c01,1,1.5559911727905273,1.5562973022460938,3.31425404548645,1.7579567432403564,0.00030612945556640625
dag_critical,s04,9,2.2,,0,0.0,1.831132173538208,4.09021520614624,2.2590830326080322,1.831132173538208
dag_critical,s06,9,2.1,,0,0.0,2.323986291885376,4.483033180236816,2.1590468883514404,2.323986291885376
dag_critical,c03,1,1.4,c02,1,3.31425404548645,3.314521074295044,4.759316921234131,1.444795846939087,0.00026702880859375
dag_critical,s02,10,2.0,,0,0.0,4.090416193008423,6.140991926193237,2.0505757331848145,4.090416193008423
dag_critical,s08,9,2.0,,0,0.0,4.483262300491333,6.533962965011597,2.0507006645202637,4.483262300491333
dag_critical,c04,1,1.8,c03,1,4.759316921234131,4.759558200836182,6.60216498374939,1.842606782913208,0.00024127960205078125
dag_critical,s01,10,1.8,,0,0.0,6.141182899475098,7.967213153839111,1.8260302543640137,6.141182899475098
dag_critical,s05,10,1.7,,0,0.0,6.534142255783081,8.29267930984497,1.7585370540618896,6.534142255783081
dag_critical,c05,1,1.6,c04,1,6.60216498374939,6.6023101806640625,8.256434202194214,1.6541240215301514,0.00014519691467285156
dag_critical,s03,9,1.6,,0,0.0,7.967384099960327,9.632318258285522,1.6649341583251953,7.967384099960327
dag_critical,c06,1,1.7,c05,1,8.256434202194214,8.256595134735107,9.972837209701538,1.7162420749664307,0.0001609325408935547
dag_critical,s07,10,1.5,,0,0.0,8.292824029922485,9.848350286483765,1.5555262565612793,8.292824029922485
dag_critical,c07,1,1.5,c06,1,9.972837209701538,9.972926139831543,11.522878170013428,1.5499520301818848,8.893013000488281e-05
dag_critical,c08,1,1.8,c07,1,11.522878170013428,11.523046255111694,13.375553131103516,1.8525068759918213,0.00016808509826660156
dag_critical,f01,5,1.2,c08 s09 s10,1,13.375553131103516,13.375707149505615,14.626503229141235,1.2507960796356201,0.00015401840209960938
dag_critical,f02,5,0.8,f01,1,14.626503229141235,14.626763105392456,15.465779304504395,0.8390161991119385,0.0002598762512207031
